id,name
0,lnpvsubscw02.broadcom.com
1,lc-sj1-4285.lvn.broadcom.net
2,ren-wan-bdr2.nw-am.broadcom.net
3,lc-irv-3226.lvn.broadcom.net
4,sju-ll2-lab133-bvt-a6-yellow-sw04
5,bri-wan-sr1.nw-em.broadcom.net_Gi0/0/3
6,lc-sj1-4009.lvn.broadcom.net
7,sgs-wan-sr1.nw-ap.broadcom.net_Gi0/0/0
8,ren-dcobmgmt-p2ar02c05sw04
9,wpdvpaysec01
10,wpngvmrfs01
11,LPDVMFT13
12,wnpvuimp01.lvn.broadcom.net
13,wsgpvmjmp01
14,lc-blr-559.ibn.broadcom.net
15,wpdvcdc01
16,lnpvnerp08.sgn.broadcom.net
17,don-fab-sw3.nw-ap.broadcom.net
18,sjs-dns-1.broadcom.net
19,ren-wan-sr2.nw-am.broadcom.net
20,wac-wan-sr1.nw-am.broadcom.net_Gi0/0/0
21,LPDVNETL01
22,lc-lvn-1221.lvn.broadcom.net
23,lc-lvn-1063.lvn.broadcom.net
24,dvtmysql-sin-01.sgn.broadcom.net
25,lnpvela08.ash.broadcom.net
26,lnpvbstws02.broadcom.com
27,wnpvtsf09
28,lnpvinrdb01.png.broadcom.net
29,lc-lvn-0404.lvn.broadcom.net
30,wnpvtsf06
31,wnpvtsf05
32,wsgpvmegc04
33,wpdvisscmbedb6
34,wnpvtsf02
35,wsgpvmegc08
36,ftc-wan-sr1.nw-am.broadcom.net_Gi0/0/0
37,lc-lvn-1658.lvn.broadcom.net
38,sju-ll2-cubicle-sw02
39,lc-sj1-5853.lvn.broadcom.net
40,lc-lvn-1503.lvn.broadcom.net
41,LNPVEDSD01
42,mab-wan-sr1.nw-am.broadcom.net_Gi0/0/3
43,bbm-wan-asesr1.nw-ap.broadcom.net_Gi0/0
44,lvn-lc-bcawlan-13.lvn.broadcom.net
45,sju-cas-sw08.nw-am.broadcom.net
46,lnpvwsestn01.broadcom.com
47,sju-ll2-lab133-bvt-b4-sw08
48,lpdvcodeinsight10.ash.broadcom.net
49,bji-wan-sr1.nw-ap.broadcom.net_Gi0/0/0
50,SC5TFFOSW1_Ethernet1/30
51,vmsjc-ops016_rh58.lvn.broadcom.net
52,lc-lvn-1508.lvn.broadcom.net
53,lc-sj1-6217.lvn.broadcom.net
54,lcs11-18.lvn.broadcom.net
55,ren-dctor-p4r01c04sw01
56,lc-lvn-1130.lvn.broadcom.net
57,wnpvisstsjp01
58,ash-wan-sr3.nw-am.broadcom.net_Gi0/0/1
59,lc-lvn-1086.lvn.broadcom.net
60,lc-tlva-132.ihl.broadcom.net
61,lc-irv-3489.lvn.broadcom.net
62,ash-wan-eavbr1.nw-am.broadcom.net_Tu16149
63,ash-wan-sr3.nw-am.broadcom.net_Gi0/0/5
64,wnpvarcs01
65,frk-dctor-p1b2sw01
66,lc-sj1-4832.lvn.broadcom.net
67,lc-irv-3238.lvn.broadcom.net
68,sju-cas-stk-sw04.nw-am.broadcom.net
69,lc-sj1-6661.lvn.broadcom.net
70,lnpvela02
71,mvj-pfw-cm01.nw-ap.broadcom.net
72,lvn-dcagg-3cr01c08sw01.nw-am.broadcom.net_Ethernet1/63
73,wpdvisscmfefs1
74,sju-ll2-lab133-aggr2-e6-gray-sw35
75,wpvirvops004
76,wpdvissjp02
77,wyisvmgc02
78,sju-cas-stk-sw12.nw-am.broadcom.net
79,wpdvepidb03
80,banlcs128.ibn.broadcom.net
81,wpdvwins01
82,sju-cas-sw02.nw-am.broadcom.net
83,sji-wan-bdr1.nw-am.broadcom.net_Gi0/0/0
84,wnpdvweb01
85,wpdvwsd15
86,wpdvwsd16
87,lc-hyd-033.ibn.broadcom.net
88,lc-sj1-4505.lvn.broadcom.net
89,wpdvisscmbeap9
90,SC5TFAPPSW0102_ge-0/0/21
91,wnpvisstsap01
92,lc-sj1-4513.lvn.broadcom.net
93,vpar-lvn-dcsg-06.lvn.broadcom.net
94,sdg-ll2-2f-mdf-a2027-sw1.nw-am.broadcom.net
95,SC5TFAPPSW0102_ae4
96,mec-wan-sr1.nw-em.broadcom.net_Gi0/0/0
97,bld-med-bca-05.ihl.broadcom.net
98,lc-lvn-1504.lvn.broadcom.net
99,lc-ibn-1040.ibn.broadcom.net
100,lc-sj1-5576.lvn.broadcom.net
101,lgh-wan-sr1.nw-ap.broadcom.net_Gi0/0/0
102,ash-wan-eavbr1.nw-am.broadcom.net_Tu18149
103,wnpvdpoc01.yis.broadcom.net
104,vmsjc-ops022_rh58.lvn.broadcom.net
105,wnpvchef03
106,lc-sj1-6148.lvn.broadcom.net
107,lc-sj1-3936.lvn.broadcom.net
108,sdj-wan-sr1.nw-ap.broadcom.net_Gi0/0/0
109,wpdvjmp02
110,wnpvtosca02
111,lc-irv-3396.lvn.broadcom.net
112,apdvqualys08.ash.broadcom.net
113,wpdvwsd09
114,sdg-cas-mdfas02.nw-am.broadcom.net
115,lhostbpl01
116,sju-ll2-lab133-bvt-d10-yellow-sw13
117,LPDVCEDA02
118,png-wan-sr1.nw-ap.broadcom.net_Gi0/0/3
119,LPDVCEDA01
120,sdg-ll2-3f-a3059-stb-sw9.nw-am.broadcom.net
121,lnpvabrcaw02.broadcom.com
122,SC5TFAPPSW0102_ge-1/0/21
123,lc-irv-2970.lvn.broadcom.net
124,tok-wan-symlab01.nw-ap.broadcom.net_Gi0/0/0
125,rgb-wan-sr1.nw-em.broadcom.net_Gi0/0/0
126,vmsjc-ops025_rh58.lvn.broadcom.net
127,cvc-wan-sr1.nw-am.broadcom.net_Gi0/0/0
128,wpdvlab04
129,ihl-wan-sr2.nw-em.broadcom.net_Gi0/0/1
130,ihy-wan-sr1.nw-ap.broadcom.net_Gi0/0/3
131,ren-dctor-p4r02c03sw02
132,opi-fab-inarip34sw2.nw-ap.broadcom.net
133,_10
134,lc-sj1-4865.lvn.broadcom.net
135,lc-tlva-109.ihl.broadcom.net
136,wnpvisscmbejb2
137,ash-wan-sr3.nw-am.broadcom.net_Gi1/0/1
138,wpdvsdi01
139,lc-sj1-4457.lvn.broadcom.net
140,oss-cent7.lvn.broadcom.net
141,lc-sj1-5912.lvn.broadcom.net
142,washvmegc03
143,ren-dcobmgmt-p2br02c05sw04
144,tau-wan-sr1.nw-am.broadcom.net_Gi0/0/3
145,lc-sj1-3830.lvn.broadcom.net
146,lvn-dctor-7cr02c04sw01.nw-am.broadcom.net
147,SC5TFBOFW02-5200_mgmt
148,brm-wan-sr1.nw-am.broadcom.net_Gi0/0/0
149,bcatestdev.lvn.broadcom.net
150,ren-wan-sr1.nw-am.broadcom.net
151,sju-ll2-lab133-bvt-c2-sw16
152,wnpvisscmbeap2
153,lc-irv-3006.lvn.broadcom.net
154,SC5TFBOSW3.arcot.ca.com_Gi1/0/17
155,wnpvepistdb02
156,wlvnvmgc02
157,wpdvorclupk01
158,cam-wan-sr1.nw-em.broadcom.net_Gi0/0/3
159,lc-sj1-4429.lvn.broadcom.net
160,lvn-wan-sr3.nw-am.broadcom.net_Gi0/0/5
161,lc-sj1-4145.lvn.broadcom.net
162,wnpvokt02
163,png-srstk9.nw-ap.broadcom.net
164,gen-wan-sr1.nw-em.broadcom.net_Gi0/0/0
165,lc-lvn-1412.lvn.broadcom.net
166,wprdvmcucm01
167,lc-sj1-6090.lvn.broadcom.net
168,lc-irv-4034.lvn.broadcom.net
169,wpdvpwc01
170,lc-lvn-1612.lvn.broadcom.net
171,wlvnvmegc08
172,lc-blr-627.ibn.broadcom.net
173,lc-lvn-1685.lvn.broadcom.net
174,anpvpsc12.yis.broadcom.net
175,lc-irv-2922.lvn.broadcom.net
176,lc-sj1-5670.lvn.broadcom.net
177,wpdpfdsc01
178,tky-wan-eavbr1.nw-ap.broadcom.net_Gi0/0/0
